7,8626.2998046875,8787.0,-126.050003051758,664.650024414063,2317.19995117188,757.659973144531,60.0,4392.5,404.600006103516,36.0,-0.159999996423721,-935.029968261719,914.150024414063,-95.4909973144531,"2024-09-10 12:30:00"
19,7129.5,6943.10009765625,193.289993286133,522.679992675781,2588.69995117188,746.0,56.1689987182617,3169.0,0.0,45.0,0.0,-720.440002441406,1030.30004882813,-100.809997558594,"2024-09-11 00:30:00"
31,7479.5,8314.7998046875,-841.909973144531,1520.09997558594,2736.69995117188,677.0,159.169998168945,1970.0,412.100006103516,42.0,56.8699989318848,-1056.43994140625,332.309997558594,-92.7369995117188,"2024-09-11 12:30:00"
43,7737.7998046875,7206.0,538.359985351563,468.660003662109,2896.30004882813,639.5,87.0,3603.0,0.0,47.0,-0.00999999977648258,-412.380004882813,1030.5,-89.7060012817383,"2024-09-12 00:30:00"
55,7134.7001953125,8150.60009765625,-1011.70001220703,1807.30004882813,2898.5,719.330017089844,269.829986572266,994.5,388.0,54.0120010375977,142.929992675781,-1041.13000488281,117.599998474121,-95.9169998168945,"2024-09-12 12:30:00"
67,5735.2001953125,6601.7001953125,-884.450012207031,1487.80004882813,2895.19995117188,892.5,258.170013427734,152.0,0.0,48.0,130.0,-1040.44995117188,228.350006103516,-97.4570007324219,"2024-09-13 00:30:00"
79,6809.2998046875,8241.900390625,-1441.40002441406,2080.30004882813,2885.80004882813,913.169982910156,398.0,199.990005493164,267.799987792969,49.0,220.070007324219,-1027.64990234375,-374.290008544922,-57.1030006408691,"2024-09-13 12:30:00"
91,6188.7001953125,6673.0,-496.709991455078,887.169982910156,2904.19995117188,678.0,113.0,1560.5,0.0,46.0,47.9099998474121,-865.780029296875,429.049987792969,-61.1459999084473,"2024-09-14 00:30:00"
103,7198.2001953125,7797.5,-602.760009765625,1724.5,2876.19995117188,648.830017089844,220.830001831055,1414.0,256.5,56.0,62.4300003051758,-1138.0400390625,583.0,-34.8569984436035,"2024-09-14 12:30:00"
115,7610.39990234375,6839.5,765.969970703125,806.830017089844,2908.80004882813,672.659973144531,117.0,3048.39990234375,0.0,51.0,44.7700004577637,-252.000030517578,1030.5,-7.06790018081665,"2024-09-15 00:30:01"
127,6778.89990234375,7482.7001953125,-687.619995117188,1537.5,2893.5,701.830017089844,157.169998168945,1029.0,432.5,49.0,75.0299987792969,-845.149963378906,137.800003051758,10.6850004196167,"2024-09-15 12:30:00"
139,6489.10009765625,6976.2001953125,-490.709991455078,1469.69995117188,2905.0,800.830017089844,204.169998168945,1047.0,0.0,62.0,64.4000015258789,-1041.28002929688,520.549987792969,8.7677001953125,"2024-09-16 00:30:00"
151,6882.0,7963.0,-1084.19995117188,2027.80004882813,2907.30004882813,826.169982910156,425.170013427734,326.059997558594,334.200012207031,47.0,121.589996337891,-555.02001953125,-577.47998046875,18.6870002746582,"2024-09-16 12:30:00"
161,7322.7001953125,6696.0,640.190002441406,1234.0,2882.69995117188,750.830017089844,273.170013427734,2134.5,0.0,49.0,56.0299987792969,-357.539978027344,1030.0,-52.7719993591309,"2024-09-17 00:30:00"
173,6731.2001953125,8236.599609375,-1488.0,1960.0,2884.0,718.169982910156,402.989990234375,384.0,328.0,45.0,85.3000030517578,-907.739990234375,-610.239990234375,4.66480016708374,"2024-09-17 12:30:00"
185,7054.2001953125,6938.5,124.110000610352,1218.0,2876.5,612.669982910156,174.0,2116.5,0.0,56.0,22.2000007629395,-923.430053710938,1025.09997558594,2.34660005569458,"2024-09-18 00:30:00"
197,7875.7001953125,8538.599609375,-640.780029296875,1539.0,2846.80004882813,646.5,175.830001831055,2232.5,397.700012207031,42.0,37.2099990844727,-1127.65991210938,531.960021972656,-75.9810028076172,"2024-09-18 12:30:00"
208,6685.2001953125,6996.10009765625,-315.989990234375,1467.30004882813,2896.0,734.5,216.0,1312.5,0.0,60.0,72.3099975585938,-957.819946289063,714.989990234375,-95.5920028686523,"2024-09-19 00:30:00"
220,7914.2998046875,8275.5,-336.619995117188,1058.0,2892.0,627.0,149.339996337891,2703.5,457.700012207031,51.0,12.5299997329712,-507.989990234375,203.279998779297,-55.5120010375977,"2024-09-19 12:30:00"
231,8507.400390625,7163.0,1352.09997558594,762.669982910156,2915.80004882813,620.659973144531,128.0,4030.0,0.0,52.0,11.2299995422363,383.917022705078,1029.80004882813,-76.072998046875,"2024-09-20 00:30:00"
243,7570.89990234375,8335.7001953125,-728.489990234375,1453.30004882813,2911.80004882813,664.169982910156,199.0,1891.0,434.899993896484,38.0,37.6500015258789,-468.150024414063,-245.259994506836,-29.2399997711182,"2024-09-20 12:30:05"
255,8531.7001953125,7287.7001953125,1240.59997558594,748.159973144531,2915.69995117188,730.340026855469,143.0,3940.0,0.0,58.0,3.05999994277954,271.835021972656,1030.5,-82.4300003051758,"2024-09-21 00:30:00"
267,8789.2998046875,8182.7998046875,616.22998046875,890.659973144531,2922.30004882813,719.510009765625,130.169998168945,3669.0,427.100006103516,46.0,1.92999994754791,99.3748931884766,599.159973144531,-78.2160034179688,"2024-09-21 12:30:00"
279,7240.5,7280.7001953125,-45.314998626709,1771.19995117188,2922.80004882813,910.169982910156,359.329986572266,1211.0,0.0,68.0,68.0100021362305,-763.320007324219,776.77001953125,-82.515998840332,"2024-09-22 00:30:00"
291,6764.0,7815.7998046875,-1045.5,1832.0,2919.5,882.659973144531,305.0,468.5,295.0,51.0,32.4599990844727,-729.0,-257.399993896484,-69.7789993286133,"2024-09-22 12:30:00"
303,7781.10009765625,7358.2998046875,422.809997558594,1509.19995117188,2922.30004882813,716.510009765625,195.169998168945,2367.10009765625,0.0,62.0,27.2199993133545,-436.140014648438,889.22998046875,-35.943000793457,"2024-09-23 00:30:00"
315,7653.7998046875,8432.900390625,-785.859985351563,1939.5,2859.5,808.169982910156,246.490005493164,1464.0,302.600006103516,54.0069999694824,74.25,-1084.63000488281,268.25,12.5200004577637,"2024-09-23 12:30:00"
327,9006.0,7404.0,1644.5,976.5,2922.0,707.5,146.0,4194.5,0.0,57.0,8.72999954223633,616.820007324219,1025.40002441406,-9.02970027923584,"2024-09-24 00:30:00"
339,7993.2998046875,8447.5,-466.489990234375,1665.19995117188,2867.69995117188,704.669982910156,240.169998168945,2155.5,328.5,51.0,19.3500003814697,-966.570007324219,535.960021972656,-51.1759986877441,"2024-09-24 12:30:00"
351,8131.2001953125,7143.89990234375,983.599975585938,844.159973144531,2883.30004882813,733.510009765625,200.830001831055,3407.60009765625,0.0,47.0,6.80000019073486,192.738998413086,839.799987792969,-50.1629981994629,"2024-09-25 00:30:05"
363,9344.0,8811.0,540.710021972656,999.0,2819.19995117188,772.0,110.0,4300.10009765625,321.0,55.0,5.57000017166138,-241.097702026367,839.659973144531,-28.5610008239746,"2024-09-25 12:30:00"
375,8398.2001953125,7418.2001953125,979.690002441406,670.010009765625,2884.0,775.830017089844,180.0,3841.0,0.0,49.0,-1.76999998092651,123.080001831055,930.200012207031,-44.1479988098145,"2024-09-26 00:30:00"
387,9700.7001953125,8651.2001953125,1067.0,1129.69995117188,2884.30004882813,734.340026855469,187.0,4399.5,347.399993896484,47.9990005493164,12.6800003051758,42.010009765625,1022.70001220703,-1.31749999523163,"2024-09-26 12:30:00"
398,6016.5,7364.5,-1337.40002441406,1009.29998779297,2926.80004882813,721.659973144531,191.0,1110.0,0.0,57.0,6.0,-1127.81005859375,-188.199996948242,-27.0330009460449,"2024-09-27 00:30:00"
410,8227.2001953125,8752.5,-516.989990234375,1115.30004882813,2904.5,725.830017089844,195.169998168945,3053.5,182.899993896484,47.0,4.05999994277954,-633.830017089844,102.449996948242,-2.79690003395081,"2024-09-27 12:30:00"
422,7754.7001953125,7428.5,320.019989013672,878.830017089844,2921.19995117188,681.340026855469,180.169998168945,3038.0,0.0,58.0,3.28999996185303,-291.410003662109,638.539978027344,-26.503999710083,"2024-09-28 00:30:00"
434,6941.5,8179.5,-1234.30004882813,1505.30004882813,2918.30004882813,651.669982910156,226.0,1302.5,290.399993896484,50.0,39.5400009155273,-586.359985351563,-583.090026855469,-76.1439971923828,"2024-09-28 12:30:00"
446,7397.2001953125,7527.89990234375,-127.519996643066,1168.0,2740.19995117188,699.169982910156,162.0,2566.5,0.0,65.0,2.45000004768372,-764.090026855469,659.710021972656,-27.4349994659424,"2024-09-29 00:30:00"
458,8277.2998046875,8138.5,104.650001525879,966.349975585938,2679.0,727.340026855469,139.830001831055,3370.0,352.899993896484,51.0,-0.439999997615814,-453.902008056641,562.809997558594,-7.51020002365112,"2024-09-29 12:30:00"
470,8429.2998046875,7740.7998046875,687.570007324219,1099.5,2813.69995117188,721.830017089844,169.669998168945,3565.0,0.0,65.0,8.39999961853027,-256.140045166016,1011.70001220703,-86.2320022583008,"2024-09-30 00:30:00"
482,7667.0,8319.7001953125,-669.340026855469,1493.69995117188,2814.80004882813,765.830017089844,303.170013427734,1870.40002441406,373.5,67.0,61.0200004577637,-623.9599609375,13.1000003814697,-77.0839996337891,"2024-09-30 12:30:00"
494,9061.7001953125,8020.60009765625,1029.80004882813,854.320007324219,2669.5,791.010009765625,204.660003662109,4475.0,0.0,69.0,0.0,28.2200012207031,1030.40002441406,-54.101001739502,"2024-10-01 00:30:00"
506,8997.2998046875,8887.7001953125,119.529998779297,1558.80004882813,2827.69995117188,859.669982910156,272.829986572266,3106.5,308.799987792969,58.0,34.9599990844727,-856.400024414063,1030.19995117188,-75.3840026855469,"2024-10-01 12:30:00"
518,6325.2001953125,7679.89990234375,-1363.40002441406,1597.0,2885.80004882813,862.830017089844,545.830017089844,366.0,0.0,66.0,99.0199966430664,-1431.9599609375,140.199996948242,-81.5090026855469,"2024-10-02 00:30:00"
530,7198.2998046875,8681.0,-1475.09997558594,1948.5,2914.19995117188,894.669982910156,1044.0,116.0,225.399993896484,61.0,200.089996337891,-1516.69995117188,86.9660034179688,-58.3520011901855,"2024-10-02 12:30:00"
542,6658.7998046875,7761.2001953125,-1124.0,1691.0,2908.69995117188,1051.19995117188,724.820007324219,215.0,0.0,69.0,82.9000015258789,-1492.30004882813,354.850006103516,2.27850008010864,"2024-10-03 00:30:00"
554,7171.5,8380.5,-1196.69995117188,2142.5,2329.0,1104.80004882813,1066.19995117188,139.009994506836,334.0,66.0,216.619995117188,-1414.32006835938,166.789993286133,23.1270008087158,"2024-10-03 12:30:00"
566,8139.7001953125,8510.7998046875,-360.549987792969,1129.69995117188,2751.19995117188,1025.80004882813,344.829986572266,2818.10009765625,0.0,70.0,25.6200008392334,-1416.830078125,1022.40002441406,5.0592999458313,"2024-10-04 00:30:00"
585,7944.2998046875,8254.400390625,-311.959991455078,1528.69995117188,2847.69995117188,757.0,254.339996337891,2491.0,0.0,66.0,0.0,-1307.30004882813,1029.19995117188,-58.7360000610352,"2024-10-05 00:30:00"
597,7177.7998046875,8069.0,-899.090026855469,1856.5,2847.80004882813,841.5,586.0,718.0,301.600006103516,51.0,0.0,-1163.93994140625,297.510009765625,-55.9949989318848,"2024-10-05 12:30:00"
609,7355.2001953125,7673.5,-302.200012207031,1740.0,2844.5,705.0,362.829986572266,1640.0,0.0,64.0,0.0,-1206.64001464844,921.210021972656,-6.08559989929199,"2024-10-06 00:30:00"
621,8573.7998046875,8747.599609375,-170.369995117188,1225.30004882813,3483.80004882813,706.330017089844,279.170013427734,2619.5,203.100006103516,57.0,0.0,-1088.2099609375,929.700012207031,13.5649995803833,"2024-10-06 12:30:00"
633,7831.0,7629.39990234375,228.130004882813,1583.5,3588.19995117188,846.5,259.0,1494.5,0.0,61.0,0.0,-743.47998046875,1029.30004882813,-71.0110015869141,"2024-10-07 00:30:00"
645,7822.7001953125,8721.0,-882.210021972656,1737.0,3617.30004882813,870.340026855469,537.169982910156,767.469970703125,221.699996948242,70.0,0.0,-1549.89990234375,641.5,0.14452999830246,"2024-10-07 12:30:00"
657,8508.7001953125,8308.7998046875,196.529998779297,1498.69995117188,3636.5,765.169982910156,247.0,2293.10009765625,0.0,67.0,0.0,-870.369995117188,1029.09997558594,23.6909999847412,"2024-10-08 00:30:00"
669,9646.599609375,9573.0,59.2050018310547,1584.40002441406,3644.19995117188,601.169982910156,187.169998168945,3386.5,194.5,62.0,0.0,-968.460021972656,1029.09997558594,0.394910007715225,"2024-10-08 12:30:00"
681,9835.2998046875,8227.5,1614.5,841.510009765625,3638.69995117188,708.669982910156,211.0,4369.0,0.0,64.0,0.0,595.359985351563,1028.40002441406,7.87400007247925,"2024-10-09 00:30:00"
693,10331.0,9933.900390625,422.209991455078,1323.59997558594,2505.30004882813,760.510009765625,177.0,5375.5,128.300003051758,61.0,7.55999994277954,-485.130004882813,978.700012207031,-50.3730010986328,"2024-10-09 12:30:00"
705,10019.0,8446.599609375,1556.30004882813,1005.79998779297,3518.69995117188,681.5,211.169998168945,4538.5,0.0,60.0,-0.819999992847443,568.059997558594,1029.19995117188,-32.507999420166,"2024-10-10 00:30:00"
717,10269.0,9344.0,950.200012207031,1597.69995117188,3613.5,714.010009765625,210.0,3967.0,103.699996948242,56.0,19.7800006866455,-42.5900039672852,1014.09997558594,-0.0255800001323223,"2024-10-10 12:30:00"
729,9243.5,7777.7001953125,1459.30004882813,800.169982910156,4085.69995117188,749.5,190.0,3363.5,0.0,52.0,-2.00999999046326,490.455993652344,1029.40002441406,-33.0279998779297,"2024-10-11 00:30:00"
741,9783.400390625,9134.5,667.700012207031,1162.19995117188,4108.2001953125,683.659973144531,181.0,3428.60009765625,175.600006103516,58.0,11.9399995803833,-340.100006103516,1030.0,-27.306999206543,"2024-10-11 12:30:00"
751,7379.7998046875,7764.7998046875,-380.359985351563,1019.0,3945.0,733.830017089844,169.0,1449.0,0.0,65.0,20.0100002288818,-1062.0400390625,664.200012207031,7.78020000457764,"2024-10-12 00:30:00"
766,8345.0,7904.7001953125,453.480010986328,855.489990234375,3560.5,755.0,160.830001831055,2970.0,0.0,57.0,-2.63000011444092,-464.599975585938,950.150024414063,0.309469997882843,"2024-10-21 00:30:01"
778,10040.0,9785.7998046875,267.820007324219,935.849975585938,3561.5,675.0,158.830001831055,4522.0,122.5,56.0,-0.569999992847443,-739.5048828125,1030.09997558594,0.298759996891022,"2024-10-21 12:30:06"
790,9413.2998046875,7835.7001953125,1585.19995117188,789.010009765625,3563.0,678.169982910156,159.339996337891,4167.0,0.0,56.0,-1.25,587.969970703125,1029.30004882813,0.298759996891022,"2024-10-22 00:30:00"
802,9771.400390625,9374.599609375,410.859985351563,1253.30004882813,3582.0,632.169982910156,340.0,3764.5,149.800003051758,56.0,2.59999990463257,-622.440002441406,1029.19995117188,0.331889986991882,"2024-10-22 12:30:04"
814,8886.2001953125,8305.7001953125,572.969970703125,750.330017089844,4140.5,678.830017089844,331.170013427734,2934.89990234375,0.0,60.0,-0.540000021457672,-417.5,1020.5,0.331889986991882,"2024-10-23 00:30:06"
826,10560.0,9550.900390625,1016.40002441406,1080.0,4140.7998046875,793.659973144531,169.0,4148.60009765625,189.399993896484,61.9990005493164,-0.109999999403954,-6.93499755859375,1028.5,0.315140008926392,"2024-10-23 12:30:03"
838,8743.2998046875,8283.0,455.929992675781,769.679992675781,3968.19995117188,839.669982910156,166.0,2933.0,0.0,61.0,-0.800000011920929,-530.47998046875,1008.5,-3.86069989204407,"2024-10-24 00:30:06"
850,8303.0,8967.7001953125,-657.390014648438,1764.80004882813,4155.7998046875,816.659973144531,785.5,563.010009765625,183.399993896484,56.0,154.539993286133,-1387.98010253906,710.400024414063,0.189989998936653,"2024-10-24 12:30:01"
862,8291.2998046875,8383.0,-94.9779968261719,1129.30004882813,4181.2998046875,867.659973144531,207.0,1837.90002441406,0.0,64.0,2.11999988555908,-1100.07299804688,1022.29998779297,0.227400004863739,"2024-10-25 00:30:01"
874,10455.0,9678.2998046875,769.390014648438,1535.80004882813,4181.7998046875,909.0,211.830001831055,3426.39990234375,134.300003051758,59.0,23.9599990844727,-260.670989990234,1022.70001220703,0.308770000934601,"2024-10-25 12:30:01"
886,8850.7001953125,8196.0,651.52001953125,974.840026855469,4180.7001953125,904.0,206.0,2526.0,0.0,61.0,3.53999996185303,-317.559997558594,1022.59997558594,-75.745002746582,"2024-10-26 00:30:05"
898,7497.0,8708.5,-1208.09997558594,1792.69995117188,4192.2998046875,920.340026855469,310.170013427734,106.0,123.199996948242,62.0,48.3499984741211,-2197.17993164063,1023.09997558594,-59.5299987792969,"2024-10-26 12:30:09"
910,8849.5,8412.0,438.0,910.169982910156,3546.30004882813,913.330017089844,219.169998168945,3196.0,0.0,62.0,-0.0500000007450581,-567.260009765625,1022.90002441406,-28.4869995117188,"2024-10-27 00:30:03"
913,10711.0,9319.2998046875,1394.90002441406,1009.5,3547.0,908.5,195.830001831055,4928.0,57.0999984741211,62.9970016479492,-0.0900000035762787,427.262390136719,1022.59997558594,-32.8419990539551,"2024-10-27 12:30:08"
925,8432.7998046875,8257.7001953125,168.270004272461,926.159973144531,3546.30004882813,878.0,195.0,2837.5,0.0,60.0,-2.73000001907349,-782.2900390625,1028.69995117188,-54.9500007629395,"2024-10-28 00:30:02"
937,10599.0,9892.400390625,699.75,1337.0,3542.69995117188,850.340026855469,169.0,4510.5,130.800003051758,60.0,4.90999984741211,-324.960021972656,1028.69995117188,-26.3400001525879,"2024-10-28 12:30:09"
949,10858.0,8869.0,1988.09997558594,1030.80004882813,3772.19995117188,856.179992675781,181.830001831055,4948.0,0.0,67.0,2.13000011444092,983.461975097656,1029.30004882813,-37.9879989624023,"2024-10-29 00:30:01"
961,10300.0,9533.2998046875,783.190002441406,1880.69995117188,3974.69995117188,822.659973144531,281.170013427734,3144.10009765625,123.099998474121,67.0,50.1300010681152,-206.150024414063,1027.0,-55.6119995117188,"2024-10-29 12:30:05"
973,9596.5,8550.400390625,1047.59997558594,781.669982910156,4181.2998046875,858.5,232.169998168945,3478.0,0.0,62.0,-2.00999999046326,9.530029296875,1030.09997558594,27.9050006866455,"2024-10-30 00:30:09"
985,12588.0,9841.2001953125,2747.80004882813,1186.5,4177.2998046875,919.669982910156,279.829986572266,5820.5,137.5,73.9980010986328,1.5900000333786,1667.59008789063,1016.79998779297,81.9670028686523,"2024-10-30 12:30:01"
997,10447.0,9045.7001953125,1390.5,1048.0,4169.2001953125,937.830017089844,312.829986572266,3903.0,0.0,70.0,1.17999994754791,525.27001953125,892.719970703125,-32.4300003051758,"2024-10-31 00:30:01"
1008,8636.0,10033.0,-1423.19995117188,1730.5,4123.2998046875,1068.0,430.170013427734,1153.5,70.8000030517578,70.0,70.3499984741211,-2089.43994140625,708.580017089844,-70.8359985351563,"2024-10-31 12:30:02"
1020,8384.2001953125,9335.0,-940.419982910156,1155.0,4192.5,1003.79998779297,355.0,1603.90002441406,0.0,73.0,1.50999999046326,-1937.56982421875,1028.30004882813,-60.3689994812012,"2024-11-01 00:30:06"
1032,9150.7998046875,10738.0,-1581.90002441406,1581.0,4197.5,1086.30004882813,351.0,1826.40002441406,54.4000015258789,71.0,2.27999997138977,-2027.55004882813,466.339996337891,1.12279999256134,"2024-11-01 12:30:00"
1044,9538.900390625,9665.7998046875,-101.910003662109,890.840026855469,3689.80004882813,1047.30004882813,352.0,3490.5,0.0,74.0,0.0,-969.679992675781,864.159973144531,21.1070003509521,"2024-11-02 00:30:02"
1056,11406.0,10241.0,1169.80004882813,1338.5,3783.80004882813,1025.30004882813,351.0,4729.0,124.5,78.0,2.27999997138977,202.420043945313,994.299987792969,-4.82420015335083,"2024-11-02 12:30:06"
1068,9149.0,9485.900390625,-334.799987792969,892.669982910156,3864.0,1011.0,341.0,2967.5,0.0,74.0,3.46000003814697,-1275.5400390625,972.5,-36.7509994506836,"2024-11-03 00:30:03"
1080,8047.2998046875,10049.0,-2005.69995117188,1919.30004882813,3866.19995117188,1083.5,452.0,610.0,42.0,72.0,20.8199996948242,-2224.19995117188,283.700012207031,-40.757999420166,"2024-11-03 12:30:07"
1092,11576.0,9645.7998046875,1937.19995117188,792.820007324219,4111.2998046875,1107.80004882813,307.170013427734,5183.0,0.0,74.0,3.25999999046326,943.0,1029.09997558594,-25.6720008850098,"2024-11-04 00:30:01"
1104,9560.7998046875,10445.0,-894.010009765625,1785.5,4108.7998046875,1178.69995117188,741.0,1600.5,92.6999969482422,71.0,69.2799987792969,-1867.19995117188,1028.90002441406,-88.2480010986328,"2024-11-04 12:30:06"
1116,8744.7998046875,9782.2001953125,-1018.09997558594,999.840026855469,4198.5,1065.69995117188,375.829986572266,2035.90002441406,0.0,70.0,5.82999992370605,-1967.2099609375,976.900024414063,-22.8199996948242,"2024-11-05 00:30:02"
1128,11161.0,10320.0,852.510009765625,1618.19995117188,4199.0,1077.69995117188,531.0,3609.5,58.2999992370605,64.0110015869141,53.8800010681152,-175.429992675781,1028.30004882813,-18.9440002441406,"2024-11-05 12:30:03"
1140,11028.0,9181.5,1843.09997558594,925.340026855469,4200.5,969.5,347.170013427734,4518.10009765625,0.0,67.0,3.8199999332428,857.6201171875,1013.90002441406,-41.9259986877441,"2024-11-06 00:30:02"
1152,9125.0,9451.599609375,-340.019989013672,2072.89990234375,4197.2998046875,984.5,642.159973144531,1046.0,67.4000015258789,112.0,89.2300033569336,-1274.5,966.849975585938,-56.8339996337891,"2024-11-06 12:30:03"
1164,9207.7001953125,8975.5,225.220001220703,917.669982910156,4196.7001953125,934.169982910156,439.0,2655.0,0.0,64.0,3.59999990463257,-751.660034179688,977.099975585938,-5.43279981613159,"2024-11-07 00:30:02"
1176,11238.0,9960.0,1298.59997558594,1649.30004882813,4197.2001953125,990.340026855469,602.659973144531,3656.0,77.8000030517578,71.0,40.4599990844727,299.489990234375,1029.40002441406,-41.2169990539551,"2024-11-07 12:30:03"
1188,10608.0,8886.0,1729.59997558594,905.010009765625,3991.30004882813,1053.0,379.0,4214.5,0.0,66.0,6.40000009536743,799.68994140625,959.5,-57.2939987182617,"2024-11-08 00:30:02"
1200,11506.0,10052.0,1454.0,1040.80004882813,3993.69995117188,1068.80004882813,417.829986572266,4837.89990234375,75.5,70.0,6.3899998664856,454.239929199219,1029.69995117188,-32.7569999694824,"2024-11-08 12:30:03"
1212,11032.0,8801.2998046875,2243.39990234375,670.169982910156,4041.19995117188,917.340026855469,359.170013427734,4978.39990234375,0.0,65.0,0.0,1336.48999023438,942.539978027344,-38.1559982299805,"2024-11-09 00:30:02"
1224,9226.7998046875,9105.0,112.73999786377,1405.69995117188,4196.2001953125,974.340026855469,487.660003662109,2044.0,67.5,64.0,47.6399993896484,-869.899963378906,1029.09997558594,-74.2509994506836,"2024-11-09 12:30:06"
1236,7928.2998046875,8565.0,-639.460021972656,1352.0,4201.0,969.669982910156,643.169982910156,693.989990234375,0.0,70.0,52.939998626709,-1618.80004882813,1026.80004882813,-77.7509994506836,"2024-11-10 00:30:01"
1248,9303.7001953125,9174.5,122.139999389648,1938.19995117188,4199.5,971.5,792.0,1296.5,39.2999992370605,72.0,71.5400009155273,-894.800048828125,1029.0,-42.4020004272461,"2024-11-10 12:30:00"
1260,8272.2998046875,8804.2998046875,-536.460021972656,1039.80004882813,4194.2998046875,955.159973144531,635.0,1377.5,0.0,70.0,42.9300003051758,-1503.69995117188,1028.80004882813,-81.9830017089844,"2024-11-11 00:30:01"
1272,9072.2998046875,9987.0,-916.900024414063,1987.30004882813,4179.5,1125.5,995.169982910156,676.510009765625,23.2999992370605,89.0,94.3199996948242,-1914.29992675781,1029.30004882813,-68.1569976806641,"2024-11-11 12:30:03"
1284,7881.5,8496.0,-607.599975585938,1331.69995117188,4194.2001953125,921.659973144531,677.830017089844,689.010009765625,0.0,67.0,51.8400001525879,-1530.830078125,961.5,-57.7719993591309,"2024-11-12 00:30:01"
1296,8868.2998046875,9917.0,-1042.80004882813,2104.69995117188,4187.0,929.5,953.830017089844,559.010009765625,31.1000003814697,104.029998779297,100.599998474121,-2045.40002441406,1028.59997558594,-49.8300018310547,"2024-11-12 12:30:03"
1308,9895.2998046875,8845.900390625,1057.19995117188,1049.19995117188,3939.0,704.659973144531,385.5,3746.0,0.0,68.0,6.90999984741211,95.3900756835938,1028.90002441406,-98.931999206543,"2024-11-13 00:30:01"
1320,11700.0,10214.0,1478.09997558594,959.5,3936.30004882813,765.169982910156,373.0,5577.0,14.6000003814697,77.0,18.9899997711182,522.280029296875,1029.5,-66.8050003051758,"2024-11-13 12:30:01"
1332,11088.0,9039.599609375,2028.0,748.669982910156,4199.7001953125,769.5,321.829986572266,4982.0,0.0,65.0,-0.200000002980232,1032.89001464844,1028.80004882813,-57.5099983215332,"2024-11-14 00:30:01"
1344,11283.0,10327.0,965.630004882813,1040.19995117188,4195.0,739.169982910156,334.170013427734,4838.5,65.5,64.0,1.92999994754791,39.050048828125,1028.5,-80.9049987792969,"2024-11-14 12:30:03"
1356,10645.0,9135.0,1495.90002441406,802.320007324219,3877.80004882813,914.510009765625,310.829986572266,4667.89990234375,0.0,68.0,0.0700000002980232,514.200012207031,1029.80004882813,-56.6549987792969,"2024-11-15 00:30:00"
1368,11658.0,10332.0,1348.09997558594,854.640014648438,3871.69995117188,956.489990234375,314.170013427734,5561.0,32.2999992370605,67.0,5.69999980926514,368.544006347656,1028.90002441406,-53.5890007019043,"2024-11-15 12:30:01"
1379,9094.7998046875,8718.7001953125,356.910003662109,661.489990234375,3508.30004882813,963.510009765625,347.0,3555.39990234375,0.0,65.0,0.0,-696.140014648438,1029.19995117188,33.056999206543,"2024-11-16 00:30:00"
1391,9875.2001953125,9544.0,334.0,948.830017089844,3508.80004882813,959.340026855469,405.170013427734,3953.5,41.2999992370605,63.0,0.340000003576279,-550.0400390625,949.400024414063,-38.1539993286133,"2024-11-16 12:30:03"
1403,10421.0,8860.2001953125,1541.09997558594,800.330017089844,3787.69995117188,953.330017089844,370.170013427734,4435.60009765625,0.0,69.0,0.0,1420.5400390625,210.410003662109,-61.423999786377,"2024-11-17 00:30:00"
1415,8271.7001953125,9348.2001953125,-1077.90002441406,903.159973144531,3970.30004882813,954.5,420.670013427734,1912.5,48.5999984741211,62.0,19.9899997711182,-1720.85998535156,687.77001953125,-24.886999130249,"2024-11-17 12:30:01"
1425,7455.7998046875,8701.7998046875,-1246.0,936.0,2573.19995117188,967.169982910156,604.0,2303.0,0.0,70.0,0.0,-1949.68994140625,766.25,-52.0629997253418,"2024-11-18 00:30:00"
1437,8065.5,9821.0,-1775.5,2054.69995117188,2577.30004882813,1216.30004882813,1411.80004882813,690.489990234375,39.4000015258789,80.0,63.7000007629395,-1952.60009765625,247.800003051758,-98.7089996337891,"2024-11-18 12:30:02"
1449,6850.7998046875,8772.7998046875,-1896.19995117188,1534.0,2054.80004882813,1097.30004882813,1274.80004882813,813.52001953125,0.0,73.0,94.75,-2138.46997070313,280.100006103516,-62.3759994506836,"2024-11-19 00:30:00"
1461,7722.2001953125,9951.2998046875,-2231.10009765625,2161.80004882813,2049.69995117188,1195.19995117188,1633.5,583.0,40.0,63.0,148.279998779297,-1919.0,-329.299987792969,-26.0610008239746,"2024-11-19 12:30:00"
1473,7760.7998046875,9047.2998046875,-1296.40002441406,1240.19995117188,2050.19995117188,976.5,887.830017089844,2538.0,0.0,74.0,46.0099983215332,-1860.82006835938,584.0,-29.3449993133545,"2024-11-20 00:30:06"
1485,11944.0,10899.0,1028.90002441406,1689.5,2050.80004882813,987.0,986.169982910156,6136.0,5.30000019073486,91.0,52.7099990844727,318.260040283203,656.900024414063,56.0970001220703,"2024-11-20 12:30:03"
1497,10878.0,9709.400390625,1174.19995117188,712.5,2048.19995117188,924.659973144531,405.0,6714.0,0.0,72.0,11.3500003814697,468.079986572266,664.5,52.8040008544922,"2024-11-21 00:30:03"
1509,10806.0,11131.0,-332.570007324219,1445.0,2047.80004882813,983.5,664.669982910156,5578.60009765625,17.3999996185303,72.0,90.5,-1016.34002685547,659.299987792969,27.9389991760254,"2024-11-21 12:30:02"
1521,10040.0,9777.7998046875,278.739990234375,1146.5,3568.30004882813,987.5,611.169982910156,3663.0,0.0,74.0,55.310001373291,-307.859985351563,664.5,-61.9550018310547,"2024-11-22 00:30:03"
1533,9436.0,10747.0,-1277.80004882813,1610.80004882813,3563.80004882813,1215.19995117188,1367.30004882813,1596.0,10.3000001907349,74.0,125.050003051758,-1749.94995117188,492.299987792969,-33.773998260498,"2024-11-22 12:30:04"
1545,9252.5,9800.7001953125,-541.309997558594,1542.69995117188,3813.5,962.659973144531,766.659973144531,2082.0,0.0,88.0,53.3400001525879,-1451.40002441406,941.700012207031,-51.9490013122559,"2024-11-23 00:30:03"
1557,10331.0,10584.0,-224.600006103516,1141.0,4086.19995117188,1014.79998779297,773.169982910156,3216.0,21.3999996185303,79.0009994506836,35.7599983215332,-577.179992675781,368.700012207031,-22.8490009307861,"2024-11-23 12:30:04"
1569,11953.0,10056.0,1902.09997558594,909.0,4095.80004882813,960.0,409.0,5484.5,0.0,83.0,3.26999998092651,849.02001953125,1017.20001220703,9.38490009307861,"2024-11-24 00:30:03"
1581,10944.0,10538.0,381.799987792969,977.5,4060.80004882813,935.340026855469,394.170013427734,4477.2001953125,19.5,75.0,5.0,-572.010009765625,959.700012207031,-9.41349983215332,"2024-11-24 12:30:03"
1593,11175.0,9811.0,1354.0,920.159973144531,4030.30004882813,950.830017089844,393.0,4812.5,0.0,72.0,-0.810000002384186,631.109985351563,739.950012207031,11.3219995498657,"2024-11-25 00:30:03"
